{
  "0-100 km/h":8.2,
  "0-100 mph":23.8,
  "0-120 mph":69.3,
  "0-60 mph":7.7,
  "100-0 km/h":42.2,
  "60-0 mph":127.3,
  "60-100 mph":16.1,
  "60-120 mph":61.5,
  "Body Style":"Pickup",
  "BoundingBox":[
    [
      -0.6,
      -1.42,
      -0.2999
    ],
    [
      1.7,
      3.54,
      1.41
    ]
  ],
  "Braking G":0.931,
  "Config Type":"Factory",
  "Configuration":"Tuned (A)",
  "Description":"Fitted with a 6.2L V8 engine with 800 HP",
  "Drivetrain":"RWD",
  "Fuel Type":"Gasoline",
  "Induction Type":"NA",
  "Off-Road Score":39,
  "Performance Class":"4",
  "Population":15000,
  "Power":233,
  "PowerPeakRPM":"4100 - 4900",
  "Propulsion":"ICE",
  "Top Speed":52.529973,
  "Torque":425,
  "TorquePeakRPM":"3000 - 3800",
  "Transmission":"Automatic",
  "Value":6050,
  "Weight":1985,
  "Weight/Power":8.5193133,
  "Years":{
    "max":2003,
    "min":1998
  },
  "defaultPaintName1":"Dusted Mica"
}