{
  "Author":"BeamNG",
  "Body Style":"Pickup",
  "Brand":"Chevrolet",
  "Country":"United States",
  "Derby Class":"Medium Truck",
  "Name":"Silverado LTZ",
  "Type":"Truck",
  "defaultPaintName1":"Sea Blue",
  "default_pc":"jerry",
  "paints":{
    "Aquamarine":{
      "baseColor":[
        0.05,
        0.5,
        0.7,
        1.2
      ],
      "clearcoat":1,
      "clearcoatRoughness":0.06,
      "metallic":0,
      "roughness":1
    },
    "Army Green":{
      "baseColor":[
        0.275,
        0.302,
        0.25,
        2
      ],
      "clearcoat":1,
      "clearcoatRoughness":0.4,
      "metallic":0,
      "roughness":1
    },
    "Arsenic Green":{
      "baseColor":[
        0.4,
        0.62,
        0.04,
        1.2
      ],
      "clearcoat":1,
      "clearcoatRoughness":0.06,
      "metallic":0,
      "roughness":1
    },
    "Autumn Yellow":{
      "baseColor":[
        0.521,
        0.396,
        0.189,
        1.2
      ],
      "clearcoat":1,
      "clearcoatRoughness":0.06,
      "metallic":0.4,
      "roughness":0.6
    },
    "Beach Yellow":{
      "baseColor":[
        0.67,
        0.53,
        0.36,
        1.2
      ],
      "clearcoat":1,
      "clearcoatRoughness":0.06,
      "metallic":0,
      "roughness":1
    },
    "Bermuda Blue":{
      "baseColor":[
        0.08,
        0.2,
        0.24,
        1.2
      ],
      "clearcoat":1,
      "clearcoatRoughness":0.06,
      "metallic":0.9,
      "roughness":0.6
    },
    "Brilliant Blue":{
      "baseColor":[
        0.07,
        0.37,
        0.72,
        1.2
      ],
      "clearcoat":1,
      "clearcoatRoughness":0.06,
      "metallic":0,
      "roughness":1
    },
    "Burgundy":{
      "baseColor":[
        0.5,
        0,
        0,
        1.2
      ],
      "clearcoat":1,
      "clearcoatRoughness":0.06,
      "metallic":0,
      "roughness":1
    },
    "Butterscotch":{
      "baseColor":[
        0.81,
        0.638,
        0.476,
        1.2
      ],
      "clearcoat":1,
      "clearcoatRoughness":0.06,
      "metallic":0,
      "roughness":1
    },
    "Carbon Gray":{
      "baseColor":[
        0.33,
        0.33,
        0.33,
        1.2
      ],
      "clearcoat":1,
      "clearcoatRoughness":0.06,
      "metallic":0.4,
      "roughness":0.6
    },
    "Champagne":{
      "baseColor":[
        0.663,
        0.594,
        0.533,
        1.2
      ],
      "clearcoat":1,
      "clearcoatRoughness":0.06,
      "metallic":0.9,
      "roughness":0.6
    },
    "Charcoal":{
      "baseColor":[
        0.3,
        0.3,
        0.3,
        1.2
      ],
      "clearcoat":1,
      "clearcoatRoughness":0.06,
      "metallic":0.9,
      "roughness":0.6
    },
    "Chestnut":{
      "baseColor":[
        0.3,
        0.2,
        0.12,
        1.2
      ],
      "clearcoat":1,
      "clearcoatRoughness":0.06,
      "metallic":0,
      "roughness":1
    },
    "Chocolate Brown":{
      "baseColor":[
        0.488,
        0.316,
        0.192,
        1.2
      ],
      "clearcoat":1,
      "clearcoatRoughness":0.06,
      "metallic":0,
      "roughness":1
    },
    "Clay Red":{
      "baseColor":[
        0.45,
        0.28,
        0.233,
        1.2
      ],
      "clearcoat":1,
      "clearcoatRoughness":0.06,
      "metallic":0,
      "roughness":1
    },
    "Cream":{
      "baseColor":[
        0.79,
        0.75,
        0.69,
        1
      ],
      "clearcoat":1,
      "clearcoatRoughness":0.06,
      "metallic":0.3,
      "roughness":0.6
    },
    "Deep Plum":{
      "baseColor":[
        0.31,
        0,
        0.03,
        1.2
      ],
      "clearcoat":1,
      "clearcoatRoughness":0.06,
      "metallic":0.5,
      "roughness":0.6
    },
    "Dusted Mica":{
      "baseColor":[
        0.5,
        0.42,
        0.39,
        1.3
      ],
      "clearcoat":1,
      "clearcoatRoughness":0.06,
      "metallic":1,
      "roughness":0.65
    },
    "Fall Gold":{
      "baseColor":[
        0.58,
        0.43,
        0.1,
        1.2
      ],
      "clearcoat":1,
      "clearcoatRoughness":0.06,
      "metallic":0,
      "roughness":1
    },
    "Fire Red":{
      "baseColor":[
        0.8,
        0.1,
        0.1,
        1.2
      ],
      "clearcoat":1,
      "clearcoatRoughness":0.06,
      "metallic":0,
      "roughness":1
    },
    "Flame Orange":{
      "baseColor":[
        0.9,
        0.4,
        0,
        1.2
      ],
      "clearcoat":1,
      "clearcoatRoughness":0.06,
      "metallic":0,
      "roughness":1
    },
    "Forest Green":{
      "baseColor":[
        0.08,
        0.18,
        0.105,
        1.2
      ],
      "clearcoat":1,
      "clearcoatRoughness":0.06,
      "metallic":0,
      "roughness":1
    },
    "Gray":{
      "baseColor":[
        0.5,
        0.5,
        0.5,
        1.2
      ],
      "clearcoat":1,
      "clearcoatRoughness":0.06,
      "metallic":0,
      "roughness":1
    },
    "Jet Black":{
      "baseColor":[
        0,
        0,
        0,
        1.2
      ],
      "clearcoat":1,
      "clearcoatRoughness":0.06,
      "metallic":1,
      "roughness":1
    },
    "Light Brown":{
      "baseColor":[
        0.525,
        0.41,
        0.3,
        1.2
      ],
      "clearcoat":1,
      "clearcoatRoughness":0.06,
      "metallic":0,
      "roughness":1
    },
    "Limoncello":{
      "baseColor":[
        0.87,
        0.8,
        0.6,
        1.2
      ],
      "clearcoat":1,
      "clearcoatRoughness":0.06,
      "metallic":0,
      "roughness":1
    },
    "Matte Black":{
      "baseColor":[
        0.12,
        0.12,
        0.12,
        2
      ],
      "clearcoat":1,
      "clearcoatRoughness":0.4,
      "metallic":1,
      "roughness":1
    },
    "Matte Dune":{
      "baseColor":[
        0.58,
        0.5,
        0.41,
        1.2
      ],
      "clearcoat":1,
      "clearcoatRoughness":0.4,
      "metallic":0,
      "roughness":1
    },
    "Navy Blue":{
      "baseColor":[
        0,
        0.07,
        0.23,
        1.2
      ],
      "clearcoat":1,
      "clearcoatRoughness":0.06,
      "metallic":0,
      "roughness":1
    },
    "Olive Green":{
      "baseColor":[
        0.27,
        0.35,
        0.23,
        1.2
      ],
      "clearcoat":1,
      "clearcoatRoughness":0.06,
      "metallic":0,
      "roughness":1
    },
    "Opal Green":{
      "baseColor":[
        0.22,
        0.37,
        0.33,
        1.2
      ],
      "clearcoat":1,
      "clearcoatRoughness":0.06,
      "metallic":0.4,
      "roughness":0.6
    },
    "Oxide Red":{
      "baseColor":[
        0.4,
        0.05,
        0.05,
        1.2
      ],
      "clearcoat":1,
      "clearcoatRoughness":0.06,
      "metallic":0,
      "roughness":1
    },
    "Pearl White":{
      "baseColor":[
        0.83,
        0.83,
        0.83,
        1.2
      ],
      "clearcoat":1,
      "clearcoatRoughness":0.06,
      "metallic":0.3,
      "roughness":0.6
    },
    "Pleasant Blue":{
      "baseColor":[
        0.35,
        0.5,
        0.65,
        1.2
      ],
      "clearcoat":1,
      "clearcoatRoughness":0.06,
      "metallic":0,
      "roughness":1
    },
    "Quicksilver":{
      "baseColor":[
        0.52,
        0.485,
        0.46,
        1.3
      ],
      "clearcoat":1,
      "clearcoatRoughness":0.06,
      "metallic":1,
      "roughness":0.65
    },
    "Rose Pink":{
      "baseColor":[
        0.636,
        0.228,
        0.332,
        1.2
      ],
      "clearcoat":1,
      "clearcoatRoughness":0.06,
      "metallic":0.5,
      "roughness":0.6
    },
    "Royal Blue":{
      "baseColor":[
        0,
        0.1,
        0.42,
        1.2
      ],
      "clearcoat":1,
      "clearcoatRoughness":0.06,
      "metallic":0,
      "roughness":1
    },
    "Scarlet Red":{
      "baseColor":[
        0.58,
        0.12,
        0.12,
        1.2
      ],
      "clearcoat":1,
      "clearcoatRoughness":0.06,
      "metallic":0.2,
      "roughness":0.6
    },
    "Sea Blue":{
      "baseColor":[
        0.09,
        0.21,
        0.47,
        1.2
      ],
      "clearcoat":1,
      "clearcoatRoughness":0.06,
      "metallic":0,
      "roughness":1
    },
    "Seafoam Green":{
      "baseColor":[
        0.24,
        0.48,
        0.48,
        1.2
      ],
      "clearcoat":1,
      "clearcoatRoughness":0.06,
      "metallic":0.4,
      "roughness":0.6
    },
    "Silver":{
      "baseColor":[
        0.65,
        0.65,
        0.65,
        1.2
      ],
      "clearcoat":1,
      "clearcoatRoughness":0.06,
      "metallic":0.9,
      "roughness":0.6
    },
    "Solar Yellow":{
      "baseColor":[
        0.82,
        0.62,
        0.1,
        1.2
      ],
      "clearcoat":1,
      "clearcoatRoughness":0.06,
      "metallic":0,
      "roughness":1
    },
    "Steel Blue":{
      "baseColor":[
        0.23,
        0.33,
        0.46,
        1.2
      ],
      "clearcoat":1,
      "clearcoatRoughness":0.06,
      "metallic":0,
      "roughness":1
    },
    "Sunset Purple":{
      "baseColor":[
        0.24,
        0.25,
        0.75,
        1.2
      ],
      "clearcoat":1,
      "clearcoatRoughness":0.06,
      "metallic":0.8,
      "roughness":0.6
    },
    "Verdant Green":{
      "baseColor":[
        0.18,
        0.36,
        0.09,
        1.2
      ],
      "clearcoat":1,
      "clearcoatRoughness":0.06,
      "metallic":0,
      "roughness":1
    },
    "Vibrant Red":{
      "baseColor":[
        0.72,
        0.13,
        0.13,
        1.2
      ],
      "clearcoat":1,
      "clearcoatRoughness":0.06,
      "metallic":0,
      "roughness":1
    }
  }
}