{
  "LS3_Block_Ports": {
    "name": "LS3_Block_Ports",
    "mapTo": "LS3_Block_Ports",
    "class": "Material",
    "persistentId": "e9636e94-ca25-4c42-8c2d-c2d97b76cd6e",
    "Stages": [
      {
        "diffuseColor": [
          0.800000012,
          0.800000012,
          0.800000012,
          1
        ]
      },
      {},
      {},
      {}
    ],
    "translucentBlendOp": "None"
  },
  "New_Material": {
    "name": "New_Material",
    "mapTo": "New_Material",
    "class": "Material",
    "persistentId": "fbc595fa-12bf-4df0-96df-1f2a82eccc5a",
    "Stages": [
      {
        "diffuseColor": [
          0.800000012,
          0.800000012,
          0.800000012,
          1
        ]
      },
      {},
      {},
      {}
    ],
    "translucentBlendOp": "None"
  },
  "_17silv": {
    "name": "_17silv",
    "mapTo": "17silv",
    "class": "Material",
    "persistentId": "cd3cdbfd-3fe1-42e1-8ca2-ab5a9c61db36",
    "Stages": [
      {
        "diffuseColor": [
          0.800000012,
          0.800000012,
          0.800000012,
          1
        ]
      },
      {},
      {},
      {}
    ],
    "translucentBlendOp": "None"
  },
  "_17silv_black": {
    "name": "_17silv_black",
    "mapTo": "17silv_black",
    "class": "Material",
    "persistentId": "90df1724-7988-4ac2-a3ec-308056e192d3",
    "Stages": [
      {
        "colorMap": "vehicles/17silv/TXT/17silv_black"
      },
      {},
      {},
      {}
    ],
    "translucentBlendOp": "None"
  },
  "_17silv_black_plastic": {
    "name": "_17silv_black_plastic",
    "mapTo": "17silv_black_plastic",
    "class": "Material",
    "persistentId": "c1cc8f79-c341-4119-9267-95b40413ec6a",
    "Stages": [
      {},
      {},
      {},
      {}
    ],
    "translucentBlendOp": "None"
  },
  "_17silv_blackshine": {
    "name": "_17silv_blackshine",
    "mapTo": "17silv_blackshine",
    "class": "Material",
    "persistentId": "2a190e44-0b70-4bfa-aba1-1b3ef9e076ef",
    "Stages": [
      {
        "diffuseColor": [
          0.800000012,
          0.800000012,
          0.800000012,
          1
        ]
      },
      {},
      {},
      {}
    ],
    "translucentBlendOp": "None"
  },
  "_17silv_chmsl": {
    "name": "_17silv_chmsl",
    "mapTo": "17silv_chmsl",
    "class": "Material",
    "persistentId": "419ab10c-4f2a-4a9d-8bd6-6823fdc0503a",
    "Stages": [
      {
        "colorMap": "vehicles/17silv/gavril_lights_d.color"
      },
      {},
      {},
      {}
    ],
    "translucentBlendOp": "None"
  },
  "_17silv_chrome": {
    "name": "_17silv_chrome",
    "mapTo": "17silv_chrome",
    "class": "Material",
    "persistentId": "6e648783-b56b-4a8b-8dbf-34aced942ef7",
    "Stages": [
      {
        "diffuseColor": [
          0.800000012,
          0.800000012,
          0.800000012,
          1
        ]
      },
      {},
      {},
      {}
    ],
    "translucentBlendOp": "None"
  },
  "_17silv_cloth02_5hbj": {
    "name": "_17silv_cloth02_5hbj",
    "mapTo": "17silv_cloth02_5hbj",
    "class": "Material",
    "persistentId": "543d95eb-2398-4cf2-9a96-dcb500460270",
    "Stages": [
      {
        "colorMap": "vehicles/17silv/TXT/17silv_cloth02_5hbj"
      },
      {},
      {},
      {}
    ],
    "translucentBlendOp": "None"
  },
  "_17silv_detail2": {
    "name": "_17silv_detail2",
    "mapTo": "17silv_detail2",
    "class": "Material",
    "persistentId": "673396e6-2845-4d94-a639-653a6fc40a66",
    "Stages": [
      {
        "colorMap": "vehicles/17silv/TXT/17silv_detail2"
      },
      {},
      {},
      {}
    ],
    "translucentBlendOp": "None"
  },
  "_17silv_dials": {
    "name": "_17silv_dials",
    "mapTo": "17silv_dials",
    "class": "Material",
    "persistentId": "9a4fc772-da6f-4d4b-9501-d9906ff1013c",
    "Stages": [
      {
        "colorMap": "vehicles/17silv/TXT/17silv_dials"
      },
      {},
      {},
      {}
    ],
    "translucentBlendOp": "None"
  },
  "_17silv_escalade_12_doortags_diff": {
    "name": "_17silv_escalade_12_doortags_diff",
    "mapTo": "17silv_escalade_12_doortags_diff",
    "class": "Material",
    "persistentId": "c43ada7b-a71b-4bdc-a670-9b917e904f49",
    "Stages": [
      {
        "colorMap": "vehicles/17silv/TXT/17silv_escalade_12_doortags_diff"
      },
      {},
      {},
      {}
    ],
    "translucentBlendOp": "None"
  },
  "_17silv_escalade_12_symbols_diff": {
    "name": "_17silv_escalade_12_symbols_diff",
    "mapTo": "17silv_escalade_12_symbols_diff",
    "class": "Material",
    "persistentId": "398a4ca4-b050-449c-8b88-9c1d52a3ddb8",
    "Stages": [
      {
        "colorMap": "vehicles/17silv/TXT/17silv_escalade_12_symbols_diff"
      },
      {},
      {},
      {}
    ],
    "translucentBlendOp": "None"
  },
  "_17silv_escalade_12_symbols_embossed_diff": {
    "name": "_17silv_escalade_12_symbols_embossed_diff",
    "mapTo": "17silv_escalade_12_symbols_embossed_diff",
    "class": "Material",
    "persistentId": "ec84697e-705f-4986-8fc3-22b1670f40a3",
    "Stages": [
      {
        "colorMap": "vehicles/17silv/TXT/17silv_escalade_12_symbols_embossed_diff"
      },
      {},
      {},
      {}
    ],
    "translucentBlendOp": "None"
  },
  "_17silv_foglight": {
    "name": "_17silv_foglight",
    "mapTo": "17silv_foglight",
    "class": "Material",
    "persistentId": "1504305f-ca61-4420-9c47-cdf685850439",
    "Stages": [
      {
        "colorMap": "vehicles/17silv/gavril_lights_d.color"
      },
      {},
      {},
      {}
    ],
    "translucentBlendOp": "None"
  },
  "_17silv_gauges": {
    "name": "_17silv_gauges",
    "mapTo": "17silv_gauges",
    "class": "Material",
    "persistentId": "551618c7-fa2d-40d2-af99-ea921eea938a",
    "Stages": [
      {
        "colorMap": "vehicles/17silv/TXT/17silv_interior"
      },
      {},
      {},
      {}
    ],
    "translucentBlendOp": "None"
  },
  "_17silv_gray": {
    "name": "_17silv_gray",
    "mapTo": "17silv_gray",
    "class": "Material",
    "persistentId": "4587d65a-e219-4f72-939a-1609070371f5",
    "Stages": [
      {
        "colorMap": "vehicles/17silv/TXT/17silv_gray"
      },
      {},
      {},
      {}
    ],
    "translucentBlendOp": "None"
  },
  "_17silv_grayshine": {
    "name": "_17silv_grayshine",
    "mapTo": "17silv_grayshine",
    "class": "Material",
    "persistentId": "02cda14b-afc9-4ecf-b681-34ff63b6c257",
    "Stages": [
      {
        "colorMap": "vehicles/17silv/TXT/17silv_gray"
      },
      {},
      {},
      {}
    ],
    "translucentBlendOp": "None"
  },
  "_17silv_headlight": {
    "name": "_17silv_headlight",
    "mapTo": "17silv_headlight",
    "class": "Material",
    "persistentId": "f32ca3e8-d5cb-475f-a5ee-24b0408f7990",
    "Stages": [
      {
        "colorMap": "vehicles/17silv/gavril_lights_d.color"
      },
      {},
      {},
      {}
    ],
    "translucentBlendOp": "None"
  },
  "_17silv_interior": {
    "name": "_17silv_interior",
    "mapTo": "17silv_interior",
    "class": "Material",
    "persistentId": "73184f8e-74c5-4155-ac42-ee9d0d695978",
    "Stages": [
      {
        "colorMap": "vehicles/17silv/TXT/17silv_interior"
      },
      {},
      {},
      {}
    ],
    "translucentBlendOp": "None"
  },
  "_17silv_ligth_5hbj": {
    "name": "_17silv_ligth_5hbj",
    "mapTo": "17silv_ligth_5hbj",
    "class": "Material",
    "persistentId": "84a6baad-e164-4d8c-862e-72a0c89a8f7e",
    "Stages": [
      {
        "colorMap": "vehicles/17silv/TXT/17silv_ligth_5hbj"
      },
      {},
      {},
      {}
    ],
    "translucentBlendOp": "None"
  },
  "_17silv_maroon": {
    "name": "_17silv_maroon",
    "mapTo": "17silv_maroon",
    "class": "Material",
    "persistentId": "175d8fc2-1d47-4abc-94b5-affa62e9e7c5",
    "Stages": [
      {
        "colorMap": "vehicles/17silv/TXT/17silv_maroon"
      },
      {},
      {},
      {}
    ],
    "translucentBlendOp": "None"
  },
  "_17silv_metal": {
    "name": "_17silv_metal",
    "mapTo": "17silv_metal",
    "class": "Material",
    "persistentId": "bc47168e-089e-4153-9d6d-75e153d176d0",
    "Stages": [
      {
        "colorMap": "vehicles/17silv/TXT/17silv_metal"
      },
      {},
      {},
      {}
    ],
    "translucentBlendOp": "None"
  },
  "_17silv_plain_gray": {
    "name": "_17silv_plain_gray",
    "mapTo": "17silv_plain_gray",
    "class": "Material",
    "persistentId": "3d792c47-5a0a-4e67-8834-be5bd3779451",
    "Stages": [
      {
        "colorMap": "vehicles/17silv/TXT/17silv_plain_gray"
      },
      {},
      {},
      {}
    ],
    "translucentBlendOp": "None"
  },
  "_17silv_red": {
    "name": "_17silv_red",
    "mapTo": "17silv_red",
    "class": "Material",
    "persistentId": "6c1b7dd9-2260-4d1c-ba33-9c1ad5fdb8e6",
    "Stages": [
      {
        "colorMap": "vehicles/17silv/TXT/17silv_red"
      },
      {},
      {},
      {}
    ],
    "translucentBlendOp": "None"
  },
  "_17silv_reverselight": {
    "name": "_17silv_reverselight",
    "mapTo": "17silv_reverselight",
    "class": "Material",
    "persistentId": "bc9a7a7d-dd2d-4f9d-891f-95ea17534f0f",
    "Stages": [
      {
        "colorMap": "vehicles/17silv/gavril_lights_d.color"
      },
      {},
      {},
      {}
    ],
    "translucentBlendOp": "None"
  },
  "_17silv_screen": {
    "name": "_17silv_screen",
    "mapTo": "17silv_screen",
    "class": "Material",
    "persistentId": "2d979ab7-36bc-4cfd-84e5-a0945fd703d7",
    "Stages": [
      {
        "colorMap": "vehicles/17silv/TXT/17silv_screen_"
      },
      {},
      {},
      {}
    ],
    "translucentBlendOp": "None"
  },
  "_17silv_signal_L": {
    "name": "_17silv_signal_L",
    "mapTo": "17silv_signal_L",
    "class": "Material",
    "persistentId": "245293da-6d57-46d7-9d72-850902a238e0",
    "Stages": [
      {
        "colorMap": "vehicles/17silv/gavril_lights_d.color"
      },
      {},
      {},
      {}
    ],
    "translucentBlendOp": "None"
  },
  "_17silv_signal_R": {
    "name": "_17silv_signal_R",
    "mapTo": "17silv_signal_R",
    "class": "Material",
    "persistentId": "9c8aa24e-a48c-4b1a-98bf-7c78e98d1672",
    "Stages": [
      {
        "colorMap": "vehicles/17silv/gavril_lights_d.color"
      },
      {},
      {},
      {}
    ],
    "translucentBlendOp": "None"
  },
  "_17silv_silver": {
    "name": "_17silv_silver",
    "mapTo": "17silv_silver",
    "class": "Material",
    "persistentId": "2a3cd560-4239-4211-8cb0-24f73d9f33a4",
    "Stages": [
      {
        "colorMap": "vehicles/17silv/TXT/17silv_silver"
      },
      {},
      {},
      {}
    ],
    "translucentBlendOp": "None"
  },
  "_17silv_speaker": {
    "name": "_17silv_speaker",
    "mapTo": "17silv_speaker",
    "class": "Material",
    "persistentId": "48433ca3-35fe-46c9-8478-c192412d9f3e",
    "Stages": [
      {
        "colorMap": "vehicles/17silv/TXT/17silv_speaker"
      },
      {},
      {},
      {}
    ],
    "translucentBlendOp": "None"
  },
  "_17silv_symbols_5hbj": {
    "name": "_17silv_symbols_5hbj",
    "mapTo": "17silv_symbols_5hbj",
    "class": "Material",
    "persistentId": "d85c45fb-af75-4b68-b697-59ce03e643ec",
    "Stages": [
      {
        "colorMap": "vehicles/17silv/TXT/17silv_symbols_5hbj"
      },
      {},
      {},
      {}
    ],
    "translucentBlendOp": "None"
  },
  "_17silv_taillight": {
    "name": "_17silv_taillight",
    "mapTo": "17silv_taillight",
    "class": "Material",
    "persistentId": "83232db5-2c48-4831-8239-ce1a43b3b248",
    "Stages": [
      {
        "colorMap": "vehicles/17silv/gavril_lights_d.color"
      },
      {},
      {},
      {}
    ],
    "translucentBlendOp": "None"
  },
  "_17silv_white": {
    "name": "_17silv_white",
    "mapTo": "17silv_white",
    "class": "Material",
    "persistentId": "2f4cf262-1b42-4f49-9025-f8e4f523c77e",
    "Stages": [
      {
        "colorMap": "vehicles/17silv/TXT/17silv_white"
      },
      {},
      {},
      {}
    ],
    "translucentBlendOp": "None"
  },
  "blackplastic_002": {
    "name": "blackplastic_002",
    "mapTo": "blackplastic.002",
    "class": "Material",
    "persistentId": "dad8fd5b-af85-49af-90ba-eab94dc96b40",
    "Stages": [
      {
        "diffuseColor": [
          0.800000012,
          0.800000012,
          0.800000012,
          1
        ]
      },
      {},
      {},
      {}
    ],
    "translucentBlendOp": "None"
  },
  "brown__spec___PAINT_6_": {
    "name": "brown__spec___PAINT_6_",
    "mapTo": "brown__spec___PAINT_6_",
    "class": "Material",
    "persistentId": "918844a8-d7a9-4b72-96e2-892c3e82a9f4",
    "Stages": [
      {
        "colorMap": "vehicles/17silv/TXT/17silv_plain_gray"
      },
      {},
      {},
      {}
    ],
    "translucentBlendOp": "None"
  },
  "glossred": {
    "name": "glossred",
    "mapTo": "glossred",
    "class": "Material",
    "persistentId": "8122624f-68b4-435b-abd1-d5773aaf20ec",
    "Stages": [
      {
        "diffuseColor": [
          0.800000012,
          0.800000012,
          0.800000012,
          1
        ]
      },
      {},
      {},
      {}
    ],
    "translucentBlendOp": "None"
  },
  "ligthss": {
    "name": "ligthss",
    "mapTo": "ligthss",
    "class": "Material",
    "persistentId": "f6290aa6-6ed8-4136-be53-7d1f99c4fa66",
    "Stages": [
      {
        "diffuseColor": [
          0.800000012,
          0.800000012,
          0.800000012,
          1
        ]
      },
      {},
      {},
      {}
    ],
    "translucentBlendOp": "None"
  },
  "orangeee": {
    "name": "orangeee",
    "mapTo": "orangeee",
    "class": "Material",
    "persistentId": "6e2f4c36-b173-4442-b316-79caffb36928",
    "Stages": [
      {
        "diffuseColor": [
          0.800000012,
          0.800000012,
          0.800000012,
          1
        ]
      },
      {},
      {},
      {}
    ],
    "translucentBlendOp": "None"
  },
  "t_brake": {
    "name": "t_brake",
    "mapTo": "t_brake",
    "class": "Material",
    "persistentId": "f3265005-a233-419e-bf8e-795be9ffa905",
    "Stages": [
      {
        "diffuseColor": [
          0.800000012,
          0.800000012,
          0.800000012,
          1
        ]
      },
      {},
      {},
      {}
    ],
    "translucentBlendOp": "None"
  },
  "vehicle_generic_smallspecmap_003": {
    "name": "vehicle_generic_smallspecmap_003",
    "mapTo": "vehicle_generic_smallspecmap.003",
    "class": "Material",
    "persistentId": "91c5d406-c169-4ea7-8800-ae932877c45f",
    "Stages": [
      {
        "diffuseColor": [
          0.800000012,
          0.800000012,
          0.800000012,
          1
        ]
      },
      {},
      {},
      {}
    ],
    "translucentBlendOp": "None"
  },
  "vehicle_generic_tyrewallblack": {
    "name": "vehicle_generic_tyrewallblack",
    "mapTo": "vehicle_generic_tyrewallblack",
    "class": "Material",
    "persistentId": "157ab858-0a09-4920-8990-93f97622226d",
    "Stages": [
      {
        "diffuseColor": [
          0.800000012,
          0.800000012,
          0.800000012,
          1
        ]
      },
      {},
      {},
      {}
    ],
    "translucentBlendOp": "None"
  }
}