{
  "gavril_chmsl": {
    "name": "gavril_chmsl",
    "mapTo": "gavril_chmsl",
    "class": "Material",
    "persistentId": "3ba55593-241f-47c8-81b5-93c1c10a7340",
    "Stages": [
      {},
      {},
      {},
      {}
    ]
  },
  "gavril_foglight": {
    "name": "gavril_foglight",
    "mapTo": "gavril_foglight",
    "class": "Material",
    "persistentId": "55c11ae2-f7f0-42b7-927c-b96f1e6fef72",
    "Stages": [
      {},
      {},
      {},
      {}
    ]
  },
  "gavril_foglights": {
    "name": "gavril_foglights",
    "mapTo": "gavril_foglights",
    "class": "Material",
    "Stages": [
      {},
      {},
      {},
      {}
    ]
  },
  "gavril_headlight": {
    "name": "gavril_headlight",
    "mapTo": "gavril_headlight",
    "class": "Material",
    "persistentId": "55c11ae2-f7f0-42b7-927c-b96f1e6fef72",
    "Stages": [
      {},
      {},
      {},
      {}
    ]
  },
  "gavril_highbeam": {
    "name": "gavril_highbeam",
    "mapTo": "gavril_highbeam",
    "class": "Material",
    "persistentId": "c5072ffd-356a-45bf-9c5c-af63fcac3193",
    "Stages": [
      {},
      {},
      {},
      {}
    ]
  },
  "gavril_lights": {
    "name": "gavril_lights",
    "mapTo": "gavril_lights",
    "class": "Material",
    "persistentId": "42acc625-cde9-4131-bd48-94ad21259741",
    "Stages": [
      {
        "colorMap": "vehicles/common/pickup/gavril_lights_d.color.png",
        "normalMap": "vehicles/common/pickup/gavril_lights_nm.normal.png",
        "pixelSpecular": true,
        "reflectivityMap": "vehicles/common/pickup/gavril_lights_r.data.png",
        "specularMap": "vehicles/common/pickup/gavril_lights_s.color.png",
        "specularPower": 64,
        "useAnisotropic": true
      },
      {},
      {},
      {}
    ],
    "alphaRef": 0,
    "dynamicCubemap": true,
    "materialTag0": "beamng",
    "materialTag1": "vehicle",
    "translucent": true,
    "translucentBlendOp": "None"
  },
  "gavril_lights_dmg": {
    "name": "gavril_lights_dmg",
    "mapTo": "gavril_lights_dmg",
    "class": "Material",
    "persistentId": "e5ed8607-988f-4e3d-b87a-0bc616793566",
    "Stages": [
      {
        "colorMap": "vehicles/common/pickup/gavril_lights_dmg_d.color.png",
        "normalMap": "vehicles/common/pickup/gavril_lights_dmg_nm.normal.png",
        "pixelSpecular": true,
        "reflectivityMap": "vehicles/common/pickup/gavril_lights_dmg_r.data.png",
        "specularMap": "vehicles/common/pickup/gavril_lights_dmg_s.color.png",
        "specularPower": 64,
        "useAnisotropic": true
      },
      {},
      {},
      {}
    ],
    "alphaRef": 0,
    "dynamicCubemap": true,
    "materialTag0": "beamng",
    "materialTag1": "vehicle",
    "translucent": true,
    "translucentBlendOp": "None"
  },
  "gavril_lights_on": {
    "name": "gavril_lights_on",
    "mapTo": "gavril_lights_on",
    "class": "Material",
    "persistentId": "eb02bd0f-5f18-423c-8633-58125b3622bf",
    "Stages": [
      {
        "colorMap": "vehicles/common/pickup/gavril_lights_d.color.png",
        "normalMap": "vehicles/common/pickup/gavril_lights_nm.normal.png",
        "pixelSpecular": true,
        "reflectivityMap": "vehicles/common/pickup/gavril_lights_r.data.png",
        "specularMap": "vehicles/common/pickup/gavril_lights_s.color.png",
        "specularPower": 64,
        "useAnisotropic": true
      },
      {
        "colorMap": "vehicles/common/pickup/gavril_lights_g.color.png",
        "diffuseColor": [
          1,
          1,
          1,
          0.4
        ],
        "emissive": true,
        "glow": true
      },
      {},
      {}
    ],
    "alphaRef": 0,
    "dynamicCubemap": true,
    "materialTag0": "beamng",
    "materialTag1": "vehicle",
    "translucent": true,
    "translucentBlendOp": "None"
  },
  "gavril_lights_on_intense": {
    "name": "gavril_lights_on_intense",
    "mapTo": "gavril_lights_on_intense",
    "class": "Material",
    "persistentId": "ba3725be-25c4-4829-838c-3d17f14a2e5d",
    "Stages": [
      {
        "colorMap": "vehicles/common/pickup/gavril_lights_d.color.png",
        "normalMap": "vehicles/common/pickup/gavril_lights_nm.normal.png",
        "pixelSpecular": true,
        "reflectivityMap": "vehicles/common/pickup/gavril_lights_r.data.png",
        "specularMap": "vehicles/common/pickup/gavril_lights_s.color.png",
        "specularPower": 64,
        "useAnisotropic": true
      },
      {
        "colorMap": "vehicles/common/pickup/gavril_lights_g.color.png",
        "diffuseColor": [
          1,
          1,
          1,
          1
        ],
        "emissive": true,
        "glow": true
      },
      {},
      {}
    ],
    "alphaRef": 0,
    "dynamicCubemap": true,
    "materialTag0": "beamng",
    "materialTag1": "vehicle",
    "translucent": true,
    "translucentBlendOp": "None"
  },
  "gavril_lowbeam": {
    "name": "gavril_lowbeam",
    "mapTo": "gavril_lowbeam",
    "class": "Material",
    "persistentId": "55c11ae2-f7f0-42b7-927c-b96f1e6fef72",
    "Stages": [
      {},
      {},
      {},
      {}
    ]
  },
  "gavril_reverselight": {
    "name": "gavril_reverselight",
    "mapTo": "gavril_reverselight",
    "class": "Material",
    "persistentId": "d9230401-daad-470d-8290-c2134c4a0629",
    "Stages": [
      {},
      {},
      {},
      {}
    ]
  },
  "gavril_runninglight": {
    "name": "gavril_runninglight",
    "mapTo": "gavril_runninglight",
    "class": "Material",
    "persistentId": "4ccd5526-2984-495b-82d9-f869df0737d5",
    "Stages": [
      {},
      {},
      {},
      {}
    ]
  },
  "gavril_runningsignal_L": {
    "name": "gavril_runningsignal_L",
    "mapTo": "gavril_runningsignal_L",
    "class": "Material",
    "persistentId": "e8322b5b-c60e-48a9-bc35-49de8c4ea63a",
    "Stages": [
      {},
      {},
      {},
      {}
    ]
  },
  "gavril_runningsignal_R": {
    "name": "gavril_runningsignal_R",
    "mapTo": "gavril_runningsignal_R",
    "class": "Material",
    "persistentId": "3ee9266b-45f4-4a54-b532-569a835de6aa",
    "Stages": [
      {},
      {},
      {},
      {}
    ]
  },
  "gavril_signal_L": {
    "name": "gavril_signal_L",
    "mapTo": "gavril_signal_L",
    "class": "Material",
    "persistentId": "f7b66d31-0e34-4586-81c9-f2f1fe3fe21c",
    "Stages": [
      {},
      {},
      {},
      {}
    ]
  },
  "gavril_signal_L_facelift": {
    "name": "gavril_signal_L_facelift",
    "mapTo": "gavril_signal_L_facelift",
    "class": "Material",
    "Stages": [
      {},
      {},
      {},
      {}
    ]
  },
  "gavril_signal_R": {
    "name": "gavril_signal_R",
    "mapTo": "gavril_signal_R",
    "class": "Material",
    "persistentId": "2d59d579-189c-4d6f-9bb9-02c824e2cb4c",
    "Stages": [
      {},
      {},
      {},
      {}
    ]
  },
  "gavril_signal_R_facelift": {
    "name": "gavril_signal_R_facelift",
    "mapTo": "gavril_signal_R_facelift",
    "class": "Material",
    "Stages": [
      {},
      {},
      {},
      {}
    ]
  },
  "gavril_taillight": {
    "name": "gavril_taillight",
    "mapTo": "gavril_taillight",
    "class": "Material",
    "Stages": [
      {},
      {},
      {},
      {}
    ]
  },
  "gavril_taillight_L": {
    "name": "gavril_taillight_L",
    "mapTo": "gavril_taillight_L",
    "class": "Material",
    "persistentId": "209f72e4-f136-4289-b7b7-d90da0fab8ce",
    "Stages": [
      {},
      {},
      {},
      {}
    ]
  },
  "gavril_taillight_R": {
    "name": "gavril_taillight_R",
    "mapTo": "gavril_taillight_R",
    "class": "Material",
    "persistentId": "3a495b34-c950-4212-b807-aa885aeb816f",
    "Stages": [
      {},
      {},
      {},
      {}
    ]
  },
  "gavril_taillight_lowhighbeam_L": {
    "name": "gavril_taillight_lowhighbeam_L",
    "mapTo": "gavril_taillight_lowhighbeam_L",
    "class": "Material",
    "Stages": [
      {},
      {},
      {},
      {}
    ]
  },
  "gavril_taillight_lowhighbeam_R": {
    "name": "gavril_taillight_lowhighbeam_R",
    "mapTo": "gavril_taillight_lowhighbeam_R",
    "class": "Material",
    "Stages": [
      {},
      {},
      {},
      {}
    ]
  },
  "gavril_taillights_facelift": {
    "name": "gavril_taillights_facelift",
    "mapTo": "gavril_taillights_facelift",
    "class": "Material",
    "Stages": [
      {},
      {},
      {},
      {}
    ]
  },
  "generic_shock_absorber": {
    "name": "generic_shock_absorber",
    "mapTo": "generic_shock_absorber",
    "class": "Material",
    "persistentId": "02b32393-baef-4948-a22d-b87ec192a546",
    "Stages": [
      {
        "ambientOcclusionMap": "/vehicles/common/pickup/generic_shock_absorber_d.dds",
        "baseColorMap": "vehicles/common/pickup/generic_shock_absorber_d.dds",
        "metallicFactor": 0.552999973,
        "normalMap": "vehicles/common/pickup/generic_shock_absorber_n.dds",
        "pixelSpecular": true,        
        "roughnessMap": "/vehicles/common/pickup/generic_shock_absorber_r.data.png",
      },
      {
        "ambientOcclusionMap": "/vehicles/common/pickup/generic_shock_absorber_s.dds",
        "baseColorMap": "vehicles/common/pickup/generic_shock_absorber_d.dds",
        "diffuseMapUseUV": 1,
        "metallicFactor": 0.603999972,
        "normalMap": "/vehicles/common/pickup/generic_shock_absorber_n.dds",
        "roughnessFactor": 0.4,        
        "vertColor": true
      },
      {},
      {}
    ],
    "activeLayers": 2,
    "alphaRef": 128,
    "dynamicCubemap": true,
    "materialTag0": "beamng",
    "materialTag1": "vehicle",
    "version": 1.5
  },
  "pickup_altfueltank": {
    "name": "pickup_altfueltank",
    "mapTo": "pickup_altfueltank",
    "class": "Material",
    "persistentId": "aa2654c9-04a3-4465-86ab-1844ad73a8cf",
    "Stages": [
      {
        "colorMap": "pickup_altfueltank_d.dds",
        "normalMap": "pickup_altfueltank_n.dds",
        "pixelSpecular": true,
        "reflectivityMap": "pickup_altfueltank_r.dds",
        "specularMap": "pickup_altfueltank_s.dds",
        "specularPower": 128,
        "useAnisotropic": true
      },
      {},
      {},
      {}
    ],
    "alphaRef": 0,
    "dynamicCubemap": true,
    "materialTag0": "beamng",
    "materialTag1": "object",
    "translucent": true,
    "translucentBlendOp": "None"
  },
  "pickup_bedrack": {
    "name": "pickup_bedrack",
    "mapTo": "pickup_bedrack",
    "class": "Material",
    "persistentId": "869fdf6c-0726-48f9-89cb-05afec8fb001",
    "Stages": [
      {
        "colorMap": "pickup_bedrack_d.dds",
        "normalMap": "pickup_bedrack_n.dds",
        "pixelSpecular": true,
        "reflectivityMap": "pickup_bedrack_r.dds",
        "specularMap": "pickup_bedrack_s.dds",
        "specularPower": 128,
        "useAnisotropic": true
      },
      {},
      {},
      {}
    ],
    "alphaRef": 0,
    "dynamicCubemap": true,
    "materialTag0": "beamng",
    "materialTag1": "object",
    "translucent": false,
    "translucentBlendOp": "None"
  },
  "pickup_engbay": {
    "name": "pickup_engbay",
    "mapTo": "pickup_engbay",
    "class": "Material",
    "persistentId": "a4de2a8f-4605-4a00-b458-01d5b52b69c1",
    "Stages": [
      {
        "colorMap": "vehicles/common/null.dds",
        "normalMap": "vehicles/common/pickup/pickup_n.dds",
        "pixelSpecular": true,
        "specularMap": "vehicles/common/null.dds",
        "specularPower": 128,
        "useAnisotropic": true
      },
      {
        "colorMap": "vehicles/common/pickup/pickup_d.dds",
        "normalMap": "vehicles/common/pickup/pickup_n.dds",
        "pixelSpecular": true,
        "specularMap": "vehicles/common/pickup/pickup_s.dds",
        "specularPower": 32,
        "useAnisotropic": true
      },
      {
        "colorMap": "vehicles/common/pickup/pickup_c.dds",
        "instanceDiffuse": true,
        "normalMap": "vehicles/common/pickup/pickup_n.dds",
        "specularMap": "vehicles/common/pickup/pickup_s.dds",
        "useAnisotropic": true
      },
      {}
    ],
    "alphaRef": 0,
    "dynamicCubemap": true,
    "materialTag0": "beamng",
    "materialTag1": "vehicle",
    "translucent": true,
    "translucentBlendOp": "None"
  },
  "pickup_extra": {
    "name": "pickup_extra",
    "mapTo": "pickup_extra",
    "class": "Material",
    "Stages": [
      {
        "colorMap": "vehicles/common/null.dds",
        "normalMap": "vehicles/pickup/pickup_extra_n.dds",
        "pixelSpecular": true,
        "specularMap": "vehicles/common/null.dds",
        "specularPower": 128,
        "useAnisotropic": true
      },
      {
        "colorMap": "vehicles/pickup/pickup_extra_d.dds",
        "normalMap": "vehicles/pickup/pickup_extra_n.dds",
        "pixelSpecular": true,
        "specularMap": "vehicles/pickup/pickup_extra_s.dds",
        "specularPower": 32,
        "useAnisotropic": true
      },
      {
        "colorMap": "vehicles/pickup/pickup_extra_c.dds",
        "instanceDiffuse": true,
        "normalMap": "vehicles/pickup/pickup_extra_n.dds",
        "pixelSpecular": true,
        "specularMap": "vehicles/pickup/pickup_extra_s.dds",
        "specularPower": 10,
        "useAnisotropic": true
      },
      {}
    ],
    "alphaRef": 0,
    "dynamicCubemap": true,
    "materialTag0": "beamng",
    "materialTag1": "vehicle",
    "translucent": true,
    "translucentBlendOp": "None"
  },
  "pickup_gauges": {
    "name": "pickup_gauges",
    "mapTo": "pickup_gauges",
    "class": "Material",
    "persistentId": "6a9cba7c-3c74-441b-bbe1-b14ef07b57e9",
    "Stages": [
      {
        "colorMap": "pickup_gauges_d.dds",
        "pixelSpecular": true,
        "specularMap": "pickup_gauges_s.dds",
        "specularPower": 32,
        "useAnisotropic": true
      },
      {},
      {},
      {}
    ],
    "materialTag0": "beamng",
    "materialTag1": "vehicle"
  },
  "pickup_gauges_on": {
    "name": "pickup_gauges_on",
    "mapTo": "pickup_gauges_on",
    "class": "Material",
    "persistentId": "40e811e0-94f4-4db6-a82f-a2cc46cb867f",
    "Stages": [
      {
        "colorMap": "pickup_gauges_d.dds",
        "pixelSpecular": true,
        "specularMap": "pickup_gauges_s.dds",
        "specularPower": 32,
        "useAnisotropic": true
      },
      {
        "colorMap": "pickup_gauges_g.dds",
        "diffuseColor": [
          3,
          1,
          0,
          0.699999988
        ],
        "emissive": true,
        "specularMap": "pickup_gauges_s.dds",
        "useAnisotropic": true
      },
      {},
      {}
    ],
    "materialTag0": "beamng",
    "materialTag1": "vehicle"
  },
  "pickup_glass": {
    "name": "pickup_glass",
    "mapTo": "pickup_glass",
    "class": "Material",
    "persistentId": "586910e9-46c9-4ad4-8cda-1fc53c9680b1",
    "Stages": [
      {
        "baseColorMap": "vehicles/common/pickup/pickup_glass_b.color.png",
        "clearCoatRoughnessFactor": 0,
        "normalMap": "vehicles/common/pickup/pickup_glass_nm.normal.png",
        "opacityMap": "vehicles/common/pickup/pickup_glass_o.data.png",
        "pixelSpecular": true,
        "roughnessMap": "/vehicles/common/pickup/pickup_glass_r.data.png",
        "useAnisotropic": true
      },
      {},
      {},
      {}
    ],
    "alphaRef": 0,
    "castShadows": false,
    "dynamicCubemap": true,
    "materialTag0": "beamng",
    "materialTag1": "vehicle",
    "order_simset": 1852795252,
    "translucent": true,
    "translucentBlendOp": "PreMulAlpha",
    "translucentRecvShadows": true,
    "version": 1.5
  },
  "pickup_glass_dmg": {
    "name": "pickup_glass_dmg",
    "mapTo": "pickup_glass_dmg",
    "class": "Material",
    "persistentId": "6afe23cc-89f5-40fb-a8b3-667afb192097",
    "Stages": [
      {
        "baseColorMap": "vehicles/common/pickup/pickup_glass_dmg_b.color.png",
        "clearCoatRoughnessFactor": 0,
        "normalMap": "vehicles/common/pickup/pickup_glass_dmg_nm.normal.png",
        "opacityMap": "vehicles/common/pickup/pickup_glass_dmg_o.data.png",
        "pixelSpecular": true,
        "roughnessMap": "/vehicles/common/pickup/pickup_glass_r.data.png",
        "useAnisotropic": true
      },
      {},
      {},
      {}
    ],
    "alphaRef": 20,
    "alphaTest": true,
    "castShadows": false,
    "dynamicCubemap": true,
    "materialTag0": "beamng",
    "materialTag1": "vehicle",
    "order_simset": 1852795252,
    "translucent": true,
    "translucentBlendOp": "PreMulAlpha",
    "translucentRecvShadows": true,
    "version": 1.5
  },
  "pickup_glass_int": {
    "name": "pickup_glass_int",
    "mapTo": "pickup_glass_int",
    "class": "Material",
    "persistentId": "14579d53-abfd-4081-a250-10d33b8e2086",
    "Stages": [
      {
        "colorMap": "/vehicles/common/pickup/pickup_windshield_interior_d.color.png",
        "diffuseColor": [
          1,
          0.999989986,
          0.999989986,
          1
        ],
        "pixelSpecular": true,
        "roughnessFactor": 0.445299804,
        "specularMap": "vehicles/common/null.dds",
        "useAnisotropic": true
      },
      {},
      {},
      {}
    ],
    "castShadows": false,
    "materialTag0": "beamng",
    "materialTag1": "vehicle",
    "order_simset": 1,
    "translucent": true,
    "translucentRecvShadows": true
  },
  "pickup_glass_on": {
    "name": "pickup_glass_on",
    "mapTo": "pickup_glass_on",
    "class": "Material",
    "Stages": [
      {
        "colorMap": "vehicles/common/pickup/pickup_glass_d.color.png",
        "diffuseColor": [
          1,
          1,
          1,
          1
        ],
        "doubleSided": true,
        "normalMap": "vehicles/common/pickup/pickup_glass_nm.normal.png",
        "pixelSpecular": true,
        "reflectivityMap": "vehicles/common/pickup/pickup_glass_r.data.png",
        "specularMap": "vehicles/common/pickup/pickup_glass_s.color.png",
        "specularPower": 64,
        "useAnisotropic": true
      },
      {
        "colorMap": "vehicles/common/pickup/pickup_glass_g.color.png",
        "diffuseColor": [
          1,
          1,
          1,
          0.9
        ],
        "useAnisotropic": true
      },
      {},
      {}
    ],
    "alphaRef": 0,
    "castShadows": false,
    "dynamicCubemap": true,
    "materialTag0": "beamng",
    "materialTag1": "vehicle",
    "translucent": true,
    "translucentRecvShadows": true
  },
  "pickup_glass_on_intense": {
    "name": "pickup_glass_on_intense",
    "mapTo": "pickup_glass_on_intense",
    "class": "Material",
    "Stages": [
      {
        "colorMap": "vehicles/common/pickup/pickup_glass_d.color.png",
        "diffuseColor": [
          1,
          1,
          1,
          1
        ],
        "doubleSided": true,
        "normalMap": "vehicles/common/pickup/pickup_glass_nm.normal.png",
        "pixelSpecular": true,
        "reflectivityMap": "vehicles/common/pickup/pickup_glass_r.data.png",
        "specularMap": "vehicles/common/pickup/pickup_glass_s.color.png",
        "specularPower": 64,
        "useAnisotropic": true
      },
      {
        "colorMap": "vehicles/common/pickup/pickup_glass_g.color.png",
        "diffuseColor": [
          1,
          1,
          1,
          0.9
        ],
        "useAnisotropic": true
      },
      {},
      {}
    ],
    "alphaRef": 0,
    "castShadows": false,
    "dynamicCubemap": true,
    "materialTag0": "beamng",
    "materialTag1": "vehicle",
    "translucent": true,
    "translucentRecvShadows": true
  },
  "pickup_headlightglass": {
    "name": "pickup_headlightglass",
    "mapTo": "pickup_headlightglass",
    "class": "Material",
    "Stages": [
      {},
      {},
      {},
      {}
    ]
  },
  "pickup_highbeamglass": {
    "name": "pickup_highbeamglass",
    "mapTo": "pickup_highbeamglass",
    "class": "Material",
    "Stages": [
      {},
      {},
      {},
      {}
    ]
  },
  "pickup_interior": {
    "name": "pickup_interior",
    "mapTo": "pickup_interior",
    "class": "Material",
    "Stages": [
      {
        "ambientOcclusionMap": "vehicles/common/pickup/pickup_interior_ao.color.png",
        "baseColorMap": "vehicles/common/pickup/pickup_interior_grey_d.color.png",
        "metallicFactor": 1,
        "metallicMap": "vehicles/common/pickup/pickup_interior_m.data.png",
        "normalMap": "vehicles/common/pickup/pickup_interior_leather_nm.normal.png",
        "pixelSpecular": true,
        "roughnessFactor": 1,
        "roughnessMap": "vehicles/common/pickup/pickup_interior_r.data.png",
        "useAnisotropic": true
      },
      {},
      {},
      {}
    ],
    "dynamicCubemap": true,
    "materialTag0": "beamng",
    "materialTag1": "vehicle",
    "order_simset": 0,
    "version": 1.5
  },
  "pickup_lowbeamglass": {
    "name": "pickup_lowbeamglass",
    "mapTo": "pickup_lowbeamglass",
    "class": "Material",
    "Stages": [
      {},
      {},
      {},
      {}
    ]
  },
  "pickup_main": {
    "name": "pickup_main",
    "mapTo": "pickup",
    "class": "Material",
    "persistentId": "cfdb527a-6839-4638-8c06-1d52aedb4106",
    "Stages": [
      {
        "ambientOcclusionMap": "/vehicles/common/pickup/pickup_main_ao.data.png",
        "baseColorMap": "/vehicles/common/pickup/pickup_main_b.color.png",
        "metallicFactor": 1,
        "metallicMap": "/vehicles/common/pickup/pickup_main_m.data.png",
        "normalMap": "vehicles/common/pickup/pickup_n.dds",
        "roughnessMap": "/vehicles/common/pickup/pickup_main_r.data.png",
        "useAnisotropic": true
      },
      {
        "ambientOcclusionMap": "/vehicles/common/pickup/pickup_main_ao.data.png",
        "clearCoatFactor": 1,
        "clearCoatMap": "/vehicles/common/pickup/pickup_main_cc.data.png",
        "clearCoatRoughnessFactor": 1,
        "colorPaletteMap": "/vehicles/pickup/pickup_skin_metallic_uv1.color.png",
        "colorPaletteMapUseUV": 1,
        "instanceDiffuse": true,
        "metallicFactor": 1,
        "normalMap": "/vehicles/common/pickup/pickup_n.dds",
        "opacityMap": "/vehicles/pickup/pickup_skin_o.data.png",
        "useAnisotropic": true
      },
      {},
      {}
    ],
    "activeLayers": 2,
    "dynamicCubemap": true,
    "materialTag0": "beamng",
    "materialTag1": "vehicle",
    "version": 1.5
  },
  "pickup_reverselightglass": {
    "name": "pickup_reverselightglass",
    "mapTo": "pickup_reverselightglass",
    "class": "Material",
    "Stages": [
      {},
      {},
      {},
      {}
    ]
  },
  "pickup_signalglass_L": {
    "name": "pickup_signalglass_L",
    "mapTo": "pickup_signalglass_L",
    "class": "Material",
    "Stages": [
      {},
      {},
      {},
      {}
    ]
  },
  "pickup_signalglass_R": {
    "name": "pickup_signalglass_R",
    "mapTo": "pickup_signalglass_R",
    "class": "Material",
    "Stages": [
      {},
      {},
      {},
      {}
    ]
  },
  "pickup_sparecover_a": {
    "name": "pickup_sparecover_a",
    "mapTo": "pickup_sparecover_a",
    "class": "Material",
    "persistentId": "",
    "Stages": [
      {
        "colorMap": "vehicles/hopper/hopper_sparecover_a_d.dds",
        "normalMap": "vehicles/hopper/hopper_sparecover_n.dds",
        "pixelSpecular": true,
        "reflectivityMap": "vehicles/common/null.dds",
        "reflectivityMapFactor": 0.05,
        "specularMap": "vehicles/hopper/hopper_sparecover_s.dds",
        "specularPower": 32,
        "useAnisotropic": true
      },
      {},
      {},
      {}
    ],
    "alphaRef": 0,
    "dynamicCubemap": true,
    "materialTag0": "beamng",
    "materialTag1": "vehicle",
    "translucent": true,
    "translucentBlendOp": "None"
  },
  "pickup_sparecover_c": {
    "name": "pickup_sparecover_c",
    "mapTo": "pickup_sparecover_c",
    "class": "Material",
    "persistentId": "",
    "Stages": [
      {
        "colorMap": "vehicles/hopper/hopper_sparecover_c_d.dds",
        "normalMap": "vehicles/hopper/hopper_sparecover_n.dds",
        "pixelSpecular": true,
        "reflectivityMap": "vehicles/common/null.dds",
        "reflectivityMapFactor": 0.05,
        "specularMap": "vehicles/hopper/hopper_sparecover_s.dds",
        "specularPower": 32,
        "useAnisotropic": true
      },
      {},
      {},
      {}
    ],
    "alphaRef": 0,
    "dynamicCubemap": true,
    "materialTag0": "beamng",
    "materialTag1": "vehicle",
    "translucent": true,
    "translucentBlendOp": "None"
  },
  "pickup_taillightglass_L": {
    "name": "pickup_taillightglass_L",
    "mapTo": "pickup_taillightglass_L",
    "class": "Material",
    "Stages": [
      {},
      {},
      {},
      {}
    ]
  },
  "pickup_taillightglass_R": {
    "name": "pickup_taillightglass_R",
    "mapTo": "pickup_taillightglass_R",
    "class": "Material",
    "Stages": [
      {},
      {},
      {},
      {}
    ]
  },
  "pickup_taillightglass_lowhighbeam_L": {
    "name": "pickup_taillightglass_lowhighbeam_L",
    "mapTo": "pickup_taillightglass_lowhighbeam_L",
    "class": "Material",
    "Stages": [
      {},
      {},
      {},
      {}
    ]
  },
  "pickup_taillightglass_lowhighbeam_R": {
    "name": "pickup_taillightglass_lowhighbeam_R",
    "mapTo": "pickup_taillightglass_lowhighbeam_R",
    "class": "Material",
    "Stages": [
      {},
      {},
      {},
      {}
    ]
  },
  "pickup_windshield_dmg": {
    "name": "pickup_windshield_dmg",
    "mapTo": "pickup_windshield_dmg",
    "class": "Material",
    "persistentId": "49762b71-3956-40bb-8640-072aeea3ace5",
    "Stages": [
      {
        "baseColorMap": "vehicles/common/pickup/pickup_glass_dmg_b.color.png",
        "clearCoatRoughnessFactor": 0,
        "normalMap": "/vehicles/common/windshield_dmg_n.dds",
        "opacityMap": "vehicles/common/pickup/pickup_glass_dmg_o.data.png",
        "pixelSpecular": true,
        "roughnessMap": "/vehicles/common/pickup/pickup_glass_r.data.png",
        "useAnisotropic": true
      },
      {},
      {},
      {}
    ],
    "alphaRef": 47,
    "castShadows": false,
    "dynamicCubemap": true,
    "materialTag0": "beamng",
    "materialTag1": "vehicle",
    "order_simset": 1852795252,
    "translucent": true,
    "translucentBlendOp": "PreMulAlpha",
    "translucentRecvShadows": true,
    "version": 1.5
  },
  "pickup_windshield_int": {
    "name": "pickup_windshield_int",
    "mapTo": "pickup_windshield_int",
    "class": "Material",
    "persistentId": "14579d53-abfd-4081-a250-10d33b8e2086",
    "Stages": [
      {
        "colorMap": "/vehicles/common/pickup/pickup_windshield_interior_d.color.png",
        "diffuseColor": [
          1,
          0.999989986,
          0.999989986,
          1
        ],
        "pixelSpecular": true,
        "roughnessFactor": 0.445299804,
        "specularMap": "vehicles/common/null.dds",
        "useAnisotropic": true
      },
      {},
      {},
      {}
    ],
    "alphaRef": 0,
    "castShadows": false,
    "materialTag0": "beamng",
    "materialTag1": "vehicle",
    "order_simset": 1,
    "translucent": true,
    "translucentRecvShadows": true
  },
  "pushbumper": {
    "name": "pushbumper",
    "mapTo": "pushbumper",
    "class": "Material",
    "persistentId": "3c74fe44-1f13-4b95-b698-e73c69e1441c",
    "Stages": [
      {
        "colorMap": "vehicles/common/null.dds",
        "normalMap": "vehicles/common/pickup/pushbumper_n.dds",
        "pixelSpecular": true,
        "specularMap": "vehicles/common/null.dds",
        "specularPower": 128,
        "useAnisotropic": true
      },
      {
        "colorMap": "vehicles/common/pickup/pushbumper_d.dds",
        "normalMap": "vehicles/common/pickup/pushbumper_n.dds",
        "pixelSpecular": true,
        "specularMap": "vehicles/common/pickup/pushbumper_s.dds",
        "specularPower": 32,
        "useAnisotropic": true
      },
      {
        "colorMap": "vehicles/common/pickup/pushbumper_c.dds",
        "instanceDiffuse": true,
        "normalMap": "vehicles/common/pickup/pushbumper_n.dds",
        "pixelSpecular": true,
        "specularMap": "vehicles/common/pickup/pushbumper_s.dds",
        "specularPower": 128,
        "useAnisotropic": true
      },
      {}
    ],
    "alphaRef": 0,
    "dynamicCubemap": true,
    "materialTag0": "beamng",
    "materialTag1": "vehicle",
    "translucent": true,
    "translucentBlendOp": "None"
  },
  "roamer_gauges": {
    "name": "roamer_gauges",
    "mapTo": "roamer_gauges",
    "class": "Material",
    "persistentId": "0a4989b5-7580-4370-8998-c145bc641dfe",
    "Stages": [
      {
        "colorMap": "vehicles/roamer/roamer_gauges_d.dds",
        "diffuseColor": [
          0.75,
          0.75,
          0.75,
          1
        ],
        "normalMap": "vehicles/roamer/roamer_gauges_n.dds",
        "pixelSpecular": true,
        "specularMap": "vehicles/roamer/roamer_gauges_s.dds",
        "specularPower": 32,
        "useAnisotropic": true
      },
      {},
      {},
      {}
    ],
    "materialTag0": "beamng",
    "materialTag1": "vehicle"
  },
  "roamer_gauges_on": {
    "name": "roamer_gauges_on",
    "mapTo": "roamer_gauges_on",
    "class": "Material",
    "persistentId": "acbddcb7-545d-4ac7-976d-698dd29ee555",
    "Stages": [
      {
        "colorMap": "vehicles/roamer/roamer_gauges_d.dds",
        "diffuseColor": [
          0.75,
          0.75,
          0.75,
          1
        ],
        "normalMap": "vehicles/roamer/roamer_gauges_n.dds",
        "pixelSpecular": true,
        "specularMap": "vehicles/roamer/roamer_gauges_s.dds",
        "specularPower": 32,
        "useAnisotropic": true
      },
      {
        "colorMap": "vehicles/roamer/roamer_gauges_d.dds",
        "diffuseColor": [
          3,
          1,
          0,
          0.600000024
        ],
        "emissive": true,
        "normalMap": "vehicles/roamer/roamer_gauges_n.dds",
        "specularMap": "vehicles/roamer/roamer_gauges_s.dds",
        "useAnisotropic": true
      },
      {},
      {}
    ],
    "materialTag0": "beamng",
    "materialTag1": "vehicle"
  },
  "roamer_glass": {
    "name": "roamer_glass",
    "mapTo": "roamer_glass",
    "class": "Material",
    "persistentId": "f59bc62a-a7b9-48d6-91c7-a240a1c7c8b9",
    "Stages": [
      {
        "baseColorMap": "vehicles/roamer/roamer_glass_b.color.png",
        "normalMap": "/vehicles/roamer/roamer_glass_nm.normal.png",
        "opacityMap": "/vehicles/roamer/roamer_glass_o.data.png",
        "pixelSpecular": true,
        "roughnessFactor": 0,
        "useAnisotropic": true
      },
      {},
      {},
      {}
    ],
    "alphaRef": 0,
    "castShadows": false,
    "dynamicCubemap": true,
    "materialTag0": "beamng",
    "materialTag1": "vehicle",
    "order_simset": 1852795252,
    "translucent": true,
    "translucentBlendOp": "PreMulAlpha",
    "translucentRecvShadows": true,
    "version": 1.5
  },
  "roamer_glass_dmg": {
    "name": "roamer_glass_dmg",
    "mapTo": "roamer_glass_dmg",
    "class": "Material",
    "persistentId": "ab6fa0e7-0a28-44fc-a9a8-ce31862dc3be",
    "Stages": [
      {
        "baseColorMap": "vehicles/roamer/roamer_glass_dmg_b.color.png",
        "normalMap": "/vehicles/roamer/roamer_glass_dmg_nm.normal.png",
        "opacityMap": "/vehicles/roamer/roamer_glass_dmg_o.data.png",
        "pixelSpecular": true,
        "roughnessFactor": 0,
        "useAnisotropic": true
      },
      {},
      {},
      {}
    ],
    "alphaRef": 20,
    "alphaTest": true,
    "castShadows": false,
    "dynamicCubemap": true,
    "materialTag0": "beamng",
    "materialTag1": "vehicle",
    "order_simset": 1852795252,
    "translucent": true,
    "translucentBlendOp": "PreMulAlpha",
    "translucentRecvShadows": true,
    "version": 1.5
  },
  "roamer_glass_int": {
    "name": "roamer_glass_int",
    "mapTo": "roamer_glass_int",
    "class": "Material",
    "persistentId": "973e7067-e6de-4a38-8755-75e0857243e2",
    "Stages": [
      {
        "colorMap": "vehicles/roamer/roamer_glass_d.color.png",
        "diffuseColor": [
          0,
          0,
          0,
          0.1
        ],
        "pixelSpecular": true,
        "specularMap": "vehicles/common/null.dds",
        "specularPower": 128,
        "useAnisotropic": true
      },
      {},
      {},
      {}
    ],
    "alphaRef": 0,
    "castShadows": false,
    "materialTag0": "beamng",
    "materialTag1": "vehicle",
    "translucent": true
  },
  "roamer_glass_on": {
    "name": "roamer_glass_on",
    "mapTo": "roamer_glass_on",
    "class": "Material",
    "persistentId": "f59bc62a-a7b9-48d6-91c7-a240a1c7c8b9",
    "Stages": [
      {
        "colorMap": "vehicles/roamer/roamer_glass_d.color.png",
        "diffuseColor": [
          1,
          1,
          1,
          1
        ],
        "normalMap": "vehicles/roamer/roamer_glass_nm.normal.png",
        "pixelSpecular": true,
        "reflectivityMap": "vehicles/roamer/roamer_glass_r.data.png",
        "specularMap": "vehicles/roamer/roamer_glass_s.color.png",
        "specularPower": 64,
        "useAnisotropic": true
      },
      {
        "colorMap": "vehicles/roamer/roamer_glass_g.color.png",
        "diffuseColor": [
          1,
          1,
          1,
          0.9
        ],
        "useAnisotropic": true
      },
      {},
      {}
    ],
    "alphaRef": 0,
    "castShadows": false,
    "dynamicCubemap": true,
    "materialTag0": "beamng",
    "materialTag1": "vehicle",
    "translucent": true,
    "translucentRecvShadows": true
  },
  "roamer_glass_on_intense": {
    "name": "roamer_glass_on_intense",
    "mapTo": "roamer_glass_on_intense",
    "class": "Material",
    "persistentId": "f59bc62a-a7b9-48d6-91c7-a240a1c7c8b9",
    "Stages": [
      {
        "colorMap": "vehicles/roamer/roamer_glass_d.color.png",
        "diffuseColor": [
          1,
          1,
          1,
          1
        ],
        "normalMap": "vehicles/roamer/roamer_glass_nm.normal.png",
        "pixelSpecular": true,
        "reflectivityMap": "vehicles/roamer/roamer_glass_r.data.png",
        "specularMap": "vehicles/roamer/roamer_glass_s.color.png",
        "specularPower": 64,
        "useAnisotropic": true
      },
      {
        "colorMap": "vehicles/roamer/roamer_glass_g.color.png",
        "diffuseColor": [
          1,
          1,
          1,
          0.9
        ],
        "useAnisotropic": true
      },
      {},
      {}
    ],
    "alphaRef": 0,
    "castShadows": false,
    "dynamicCubemap": true,
    "materialTag0": "beamng",
    "materialTag1": "vehicle",
    "translucent": true,
    "translucentRecvShadows": true
  },
  "roamer_headlightglass": {
    "name": "roamer_headlightglass",
    "mapTo": "roamer_headlightglass",
    "class": "Material",
    "Stages": [
      {},
      {},
      {},
      {}
    ]
  },
  "roamer_interior": {
    "name": "roamer_interior",
    "mapTo": "roamer_interior",
    "class": "Material",
    "Stages": [
      {
        "colorMap": "vehicles/common/pickup/roamer_interior_grey_d.color.png",
        "normalMap": "vehicles/common/pickup/roamer_interior_grey_n.normal.png",
        "reflectivityMap": "vehicles/common/pickup/roamer_interior_grey_r.color.png",
        "specularMap": "vehicles/common/pickup/roamer_interior_grey_s.color.png",
        "specularPower": 32,
        "useAnisotropic": true
      },
      {},
      {},
      {}
    ],
    "alphaRef": 0,
    "cubemap": "global_cubemap_metalblurred",
    "materialTag0": "beamng",
    "materialTag1": "vehicle",
    "translucentBlendOp": "None"
  },
  "roamer_reverselightglass": {
    "name": "roamer_reverselightglass",
    "mapTo": "roamer_reverselightglass",
    "class": "Material",
    "Stages": [
      {},
      {},
      {},
      {}
    ]
  },
  "roamer_signalglass_L_facelift": {
    "name": "roamer_signalglass_L_facelift",
    "mapTo": "roamer_signalglass_L_facelift",
    "class": "Material",
    "Stages": [
      {},
      {},
      {},
      {}
    ]
  },
  "roamer_signalglass_R_facelift": {
    "name": "roamer_signalglass_R_facelift",
    "mapTo": "roamer_signalglass_R_facelift",
    "class": "Material",
    "Stages": [
      {},
      {},
      {},
      {}
    ]
  },
  "roamer_taillightglass": {
    "name": "roamer_taillightglass",
    "mapTo": "roamer_taillightglass",
    "class": "Material",
    "Stages": [
      {},
      {},
      {},
      {}
    ]
  },
  "roamer_taillightglass_lowhighbeam_L": {
    "name": "roamer_taillightglass_lowhighbeam_L",
    "mapTo": "roamer_taillightglass_lowhighbeam_L",
    "class": "Material",
    "Stages": [
      {},
      {},
      {},
      {}
    ]
  },
  "roamer_taillightglass_lowhighbeam_R": {
    "name": "roamer_taillightglass_lowhighbeam_R",
    "mapTo": "roamer_taillightglass_lowhighbeam_R",
    "class": "Material",
    "Stages": [
      {},
      {},
      {},
      {}
    ]
  },
  "roamer_windshield_dmg": {
    "name": "roamer_windshield_dmg",
    "mapTo": "roamer_windshield_dmg",
    "class": "Material",
    "persistentId": "49762b71-3956-40bb-8640-072aeea3ace5",
    "Stages": [
      {
        "baseColorMap": "vehicles/roamer/roamer_glass_dmg_b.color.png",
        "normalMap": "vehicles/common/windshield_dmg_n.dds",
        "opacityMap": "/vehicles/roamer/roamer_glass_dmg_o.data.png",
        "pixelSpecular": true,
        "roughnessFactor": 0,
        "useAnisotropic": true
      },
      {},
      {},
      {}
    ],
    "castShadows": false,
    "dynamicCubemap": true,
    "materialTag0": "beamng",
    "materialTag1": "vehicle",
    "order_simset": 1852795252,
    "translucent": true,
    "translucentBlendOp": "PreMulAlpha",
    "translucentRecvShadows": true,
    "version": 1.5
  },
  "towbed": {
    "name": "towbed",
    "mapTo": "towbed",
    "class": "Material",
    "persistentId": "43b6df05-ec70-4043-9e13-d58a03c57b30",
    "Stages": [
      {
        "colorMap": "vehicles/common/null.dds",
        "normalMap": "vehicles/common/pickup/towbed_n.dds",
        "pixelSpecular": true,
        "specularMap": "vehicles/common/null.dds",
        "specularPower": 128,
        "useAnisotropic": true
      },
      {
        "colorMap": "vehicles/common/pickup/towbed_d.dds",
        "normalMap": "vehicles/common/pickup/towbed_n.dds",
        "pixelSpecular": true,
        "specularMap": "vehicles/common/pickup/towbed_s.dds",
        "specularPower": 32,
        "useAnisotropic": true
      },
      {
        "colorMap": "vehicles/common/pickup/towbed_c.dds",
        "instanceDiffuse": true,
        "normalMap": "vehicles/common/pickup/towbed_n.dds",
        "pixelSpecular": true,
        "specularMap": "vehicles/common/pickup/towbed_s.dds",
        "specularPower": 128,
        "useAnisotropic": true
      },
      {}
    ],
    "alphaRef": 0,
    "dynamicCubemap": true,
    "materialTag0": "beamng",
    "materialTag1": "vehicle",
    "translucent": true,
    "translucentBlendOp": "None"
  },
  "van_cargobox_reverselight": {
    "name": "van_cargobox_reverselight",
    "mapTo": "van_cargobox_reverselight",
    "class": "Material",
    "Stages": [
      {},
      {},
      {},
      {}
    ]
  },
  "van_cargobox_runninglight": {
    "name": "van_cargobox_runninglight",
    "mapTo": "van_cargobox_runninglight",
    "class": "Material",
    "Stages": [
      {},
      {},
      {},
      {}
    ]
  },
  "van_cargobox_taillight_L": {
    "name": "van_cargobox_taillight_L",
    "mapTo": "van_cargobox_taillight_L",
    "class": "Material",
    "Stages": [
      {},
      {},
      {},
      {}
    ]
  },
  "van_cargobox_taillight_R": {
    "name": "van_cargobox_taillight_R",
    "mapTo": "van_cargobox_taillight_R",
    "class": "Material",
    "Stages": [
      {},
      {},
      {},
      {}
    ]
  },
  "van_glass": {
    "name": "van_glass",
    "mapTo": "van_glass",
    "class": "Material",
    "persistentId": "1b05f60c-ad49-49de-bc60-90bd982bff43",
    "Stages": [
      {
        "baseColorMap": "vehicles/van/van_glass_b.color.png",
        "normalMap": "/vehicles/common/null_n.dds",
        "opacityMap": "/vehicles/van/van_glass_o.data.png",
        "pixelSpecular": true,
        "roughnessFactor": 0,
        "useAnisotropic": true
      },
      {},
      {},
      {}
    ],
    "alphaRef": 0,
    "castShadows": false,
    "dynamicCubemap": true,
    "materialTag0": "beamng",
    "materialTag1": "vehicle",
    "order_simset": 1852795252,
    "translucent": true,
    "translucentBlendOp": "PreMulAlpha",
    "translucentRecvShadows": true,
    "version": 1.5
  },
  "van_glass_dmg": {
    "name": "van_glass_dmg",
    "mapTo": "van_glass_dmg",
    "class": "Material",
    "persistentId": "717dfd5a-354d-468e-836d-927bca0fa528",
    "Stages": [
      {
        "baseColorMap": "vehicles/van/van_glass_dmg_b.color.png",
        "normalMap": "vehicles/common/glass_dmg_n.dds",
        "opacityMap": "/vehicles/van/van_glass_dmg_o.data.png",
        "pixelSpecular": true,
        "roughnessFactor": 0,
        "useAnisotropic": true
      },
      {},
      {},
      {}
    ],
    "alphaRef": 20,
    "alphaTest": true,
    "castShadows": false,
    "dynamicCubemap": true,
    "materialTag0": "beamng",
    "materialTag1": "vehicle",
    "order_simset": 1852795252,
    "translucent": true,
    "translucentBlendOp": "PreMulAlpha",
    "translucentRecvShadows": true,
    "version": 1.5
  },
  "van_glass_int": {
    "name": "van_glass_int",
    "mapTo": "van_glass_int",
    "class": "Material",
    "persistentId": "973e7067-e6de-4a38-8755-75e0857243e2",
    "Stages": [
      {
        "colorMap": "vehicles/van/van_glass_d.color.png",
        "diffuseColor": [
          0,
          0,
          0,
          0.1
        ],
        "pixelSpecular": true,
        "specularMap": "vehicles/common/null.dds",
        "specularPower": 128,
        "useAnisotropic": true
      },
      {},
      {},
      {}
    ],
    "alphaRef": 0,
    "castShadows": false,
    "materialTag0": "beamng",
    "materialTag1": "vehicle",
    "translucent": true
  },
  "van_glass_on": {
    "name": "van_glass_on",
    "mapTo": "van_glass_on",
    "class": "Material",
    "persistentId": "f59bc62a-a7b9-48d6-91c7-a240a1c7c8b9",
    "Stages": [
      {
        "colorMap": "vehicles/van/van_glass_d.color.png",
        "diffuseColor": [
          1,
          1,
          1,
          1
        ],
        "normalMap": "vehicles/van/van_glass_nm.normal.png",
        "pixelSpecular": true,
        "reflectivityMap": "vehicles/van/van_glass_r.data.png",
        "specularMap": "vehicles/van/van_glass_s.color.png",
        "specularPower": 64,
        "useAnisotropic": true
      },
      {
        "colorMap": "vehicles/van/van_glass_g.color.png",
        "diffuseColor": [
          1,
          1,
          1,
          0.9
        ],
        "useAnisotropic": true
      },
      {},
      {}
    ],
    "alphaRef": 0,
    "castShadows": false,
    "dynamicCubemap": true,
    "materialTag0": "beamng",
    "materialTag1": "vehicle",
    "translucent": true,
    "translucentRecvShadows": true
  },
  "van_glass_on_intense": {
    "name": "van_glass_on_intense",
    "mapTo": "van_glass_on_intense",
    "class": "Material",
    "persistentId": "f59bc62a-a7b9-48d6-91c7-a240a1c7c8b9",
    "Stages": [
      {
        "colorMap": "vehicles/van/van_glass_d.color.png",
        "diffuseColor": [
          1,
          1,
          1,
          1
        ],
        "normalMap": "vehicles/van/van_glass_nm.normal.png",
        "pixelSpecular": true,
        "reflectivityMap": "vehicles/van/van_glass_r.data.png",
        "specularMap": "vehicles/van/van_glass_s.color.png",
        "specularPower": 64,
        "useAnisotropic": true
      },
      {
        "colorMap": "vehicles/van/van_glass_g.color.png",
        "diffuseColor": [
          1,
          1,
          1,
          0.9
        ],
        "useAnisotropic": true
      },
      {},
      {}
    ],
    "alphaRef": 0,
    "castShadows": false,
    "dynamicCubemap": true,
    "materialTag0": "beamng",
    "materialTag1": "vehicle",
    "translucent": true,
    "translucentRecvShadows": true
  },
  "van_headlightglass": {
    "name": "van_headlightglass",
    "mapTo": "van_headlightglass",
    "class": "Material",
    "Stages": [
      {},
      {},
      {},
      {}
    ]
  },
  "van_interior": {
    "name": "van_interior",
    "mapTo": "van_interior",
    "class": "Material",
    "persistentId": "7c0e33a0-8109-4f63-a6ed-88a7167a63a8",
    "Stages": [
      {
        "colorMap": "vehicles/van/van_interior_d.dds",
        "diffuseColor": [
          1.5,
          1.5,
          1.5,
          1
        ],
        "normalMap": "vehicles/van/van_interior_n.dds",
        "pixelSpecular": true,
        "specularMap": "vehicles/van/van_interior_s.dds",
        "specularPower": 32,
        "useAnisotropic": true
      },
      {},
      {},
      {}
    ],
    "materialTag0": "beamng",
    "materialTag1": "vehicle"
  },
  "van_reverselightglass": {
    "name": "van_reverselightglass",
    "mapTo": "van_reverselightglass",
    "class": "Material",
    "Stages": [
      {},
      {},
      {},
      {}
    ]
  },
  "van_seats": {
    "name": "van_seats",
    "mapTo": "van_seats",
    "class": "Material",
    "persistentId": "04f10a15-d327-4136-99cf-67ad09baa968",
    "Stages": [
      {
        "colorMap": "vehicles/van/van_seats_d.dds",
        "diffuseColor": [
          1.5,
          1.5,
          1.5,
          1
        ],
        "normalMap": "vehicles/van/van_seats_n.dds",
        "pixelSpecular": true,
        "specularMap": "vehicles/van/van_seats_s.dds",
        "specularPower": 32,
        "useAnisotropic": true
      },
      {},
      {},
      {}
    ],
    "materialTag0": "beamng",
    "materialTag1": "vehicle"
  },
  "van_signalglass_L": {
    "name": "van_signalglass_L",
    "mapTo": "van_signalglass_L",
    "class": "Material",
    "Stages": [
      {},
      {},
      {},
      {}
    ]
  },
  "van_signalglass_R": {
    "name": "van_signalglass_R",
    "mapTo": "van_signalglass_R",
    "class": "Material",
    "Stages": [
      {},
      {},
      {},
      {}
    ]
  },
  "van_taillightglass": {
    "name": "van_taillightglass",
    "mapTo": "van_taillightglass",
    "class": "Material",
    "Stages": [
      {},
      {},
      {},
      {}
    ]
  },
  "van_taillightglass_L": {
    "name": "van_taillightglass_L",
    "mapTo": "van_taillightglass_L",
    "class": "Material",
    "Stages": [
      {},
      {},
      {},
      {}
    ]
  },
  "van_taillightglass_R": {
    "name": "van_taillightglass_R",
    "mapTo": "van_taillightglass_R",
    "class": "Material",
    "Stages": [
      {},
      {},
      {},
      {}
    ]
  },
  "van_windshield_dmg": {
    "name": "van_windshield_dmg",
    "mapTo": "van_windshield_dmg",
    "class": "Material",
    "persistentId": "60e3bfa1-48f9-4b3e-b9e6-55ee5878f415",
    "Stages": [
      {
        "baseColorMap": "vehicles/van/van_glass_dmg_b.color.png",
        "normalMap": "vehicles/common/windshield_dmg_n.dds",
        "opacityMap": "/vehicles/van/van_glass_dmg_o.data.png",
        "pixelSpecular": true,
        "roughnessFactor": 0,
        "useAnisotropic": true
      },
      {},
      {},
      {}
    ],
    "castShadows": false,
    "dynamicCubemap": true,
    "materialTag0": "beamng",
    "materialTag1": "vehicle",
    "order_simset": 1852795252,
    "translucent": true,
    "translucentBlendOp": "PreMulAlpha",
    "translucentRecvShadows": true,
    "version": 1.5
  }
}