{  
  "gaoaza_grayshine" : {
    "name" : "gaoaza_grayshine",
    "class" : "Material",
    "persistentId" : "17a921a3-e227-478e-8831-f27e65ff9c0a",
    "Stages" : [
      {
        "colorMap" : "vehicles/17silv/TXT/gaoaza_gray.dds",
        "diffuseColor" : [ 0, 0, 0, 1 ],
        "normalMap" : "vehicles/17silv/TXT/gaoaza_gray.dds",
        "pixelSpecular" : true,
        "specularMap" : "vehicles/17silv/TXT/gaoaza_gray.dds",
        "specularPower" : 32,
        "useAnisotropic" : true
      },
      {},
      {},
      {}
    ],
    "cubemap" : "global_cubemap_metalblurred",
    "mapTo" : "gaoaza_grayshine",
    "materialTag0" : "beamng",
    "materialTag1" : "vehicle"
  }  
}  